Direction du gestionnaire du dossier,région,program,code_insee,portage,NOM PRE,contact,REP REP+,CITE EDUCATIVE,QPV
Ain,AUVERGNE-RHONE-ALPES,BOURG EN BRESSE,01053,CCAS-BOURG EN BRESSE,PROGRAMME DE REUSSITE EDUCATIVE + COMMUNE,cacioppomc@bourgenbresse.fr,,,
Ain,AUVERGNE-RHONE-ALPES,MONTLUEL,01262,CCAS-MONTLUEL,,referente-politiquedelaville@ville-montluel.fr,,,
Ain,AUVERGNE-RHONE-ALPES,OYONNAX,01283,CCAS-OYONNAX,,deborah.deoliveira@oyonnax.fr,,,
Corse-du-Sud,CORSE,AJACCIO CEDEX 1,2A004,VILLE-AJACCIO CEDEX 1,,s.simonet@ville-ajaccio.fr,,,
Orne,NORMANDIE,ALENCON CEDEX,61001,COMMUNAUTE D'AGGLOMERATION -ALENCON CEDEX,,pre@cu-alencon.fr,,,
Aisne,HAUTS-DE-FRANCE,LAON,02408,CCAS-LAON,,trocourt@ville-laon.fr,,,
Gard,OCCITANIE,ALES ,30007,GIP PV-ALES ,,constance.bord@gip-pvac.fr,,,
Aisne,HAUTS-DE-FRANCE,SOISSONS,02722,CCAS-SOISSONS,,c.attancourt@ville-soissons.fr,,,
Allier,AUVERGNE-RHONE-ALPES,CUSSET,03095,CAISSE DES ECOLES-CUSSET,,virginie.paulet@ville-cusset.fr,,,
Allier,AUVERGNE-RHONE-ALPES,MONTLUCON,03185,CAISSE DES ECOLES-MONTLUCON,,m.manchon@mairie-montlucon.fr,,,
Allier,AUVERGNE-RHONE-ALPES,MOULINS,02530,CIAS-MOULINS,,c.boudet@agglo-moulins.fr,,,
Alpes-Maritimes,PROVENCE-ALPES-COTE-D'AZUR,CANNES,06029,CAISSE DES ECOLES-CANNES,,jean-claude.rinaudo@ville-cannes.fr,,,
Alpes-Maritimes,PROVENCE-ALPES-COTE-D'AZUR,CARROS,06033,CAISSE DES ECOLES-CARROS,,mp.fidile@ville-carros.fr,,,
Alpes-Maritimes,PROVENCE-ALPES-COTE-D'AZUR,GRASSE,06069,CAISSE DES ECOLES-GRASSE,,audrey.eusebi@ville-grasse.fr,,,
Maine-et-Loire,PAYS DE LA LOIRE,ANGERS CEDEX 01,49007,CAISSE DES ECOLES-ANGERS CEDEX 01,,sylvaine.bolzer@ville.angers.fr,,,
Alpes-Maritimes,PROVENCE-ALPES-COTE-D'AZUR,SAINT LAURENT DU VAR,06123,CAISSE DES ECOLES-SAINT LAURENT DU VAR,,christelle.guerucci@saintlaurentduvar.fr,,,
Pas-de-Calais,HAUTS-DE-FRANCE,ARRAS CEDEX,62041,CAISSE DES ECOLES-ARRAS CEDEX,,m-bochu@ville-arras.fr,,,
Alpes-Maritimes,PROVENCE-ALPES-COTE-D'AZUR,VALLAURIS,06155,CAISSE DES ECOLES-VALLAURIS,,a.pastor@agglo-casa.fr,,,
Alpes-Maritimes,PROVENCE-ALPES-COTE-D'AZUR,VENCE,06157,CAISSE DES ECOLES-VENCE,,aperillat@ville-vence.fr,,,
Alpes-Maritimes,PROVENCE-ALPES-COTE-D'AZUR,DRAP,06054,CCAS-DRAP,,dgs@ville-drap.fr,,,
Ardèche,AUVERGNE-RHONE-ALPES,ANNONAY,07010,CCAS-ANNONAY,,catherine.varin@annonay.fr,,,
Ardèche,AUVERGNE-RHONE-ALPES,AUBENAS,07019,CCAS-AUBENAS,,rolandsoubeyrand.ccas@mairie-aubenas.fr,,,
Ardèche,AUVERGNE-RHONE-ALPES,PRIVAS,07186,CCAS-PRIVAS,,fanny.gilles@ccas-privas.fr,,,
Hauts-de-Seine,ILE-DE-FRANCE,ASNIERES-SUR-SEINE,92004,CCAS-ASNIERES-SUR-SEINE,,msellam@mairieasnieres.fr,,,
Morbihan,BRETAGNE,AURAY CEDEX,56007,VILLE-AURAY CEDEX,,c.hamon@ville-auray.fr,,,
Ardennes,GRAND EST,CHARLEVILLE MEZIERES,08105,CCAS-CHARLEVILLE MEZIERES,,michele.maire@ccas-charlevillemezieres.fr,,,
Ardennes,GRAND EST,FUMAY,08185,CCAS-FUMAY,,epn-fumay@orange.fr,,,
Ardennes,GRAND EST,REVIN,08363,CCAS-REVIN,,pre.pru@ville-revin.fr,,,
Ardennes,GRAND EST,SEDAN,08409,CCAS-SEDAN,,pre@mairie-sedan.fr,,,
Gard,OCCITANIE,BAGNOLS-SUR-CEZE,30028,CAISSE DES ECOLES-BAGNOLS-SUR-CEZE,,g.fares@bagnolssurceze.fr,,,
Aude,OCCITANIE,NARBONNE,11262,CCAS-NARBONNE,,d.bernad@mairie-narbonne.fr,,,
Guadeloupe,OUTRE-MER,BASSE-TERRE,97105,CCAS-BASSE-TERRE,,j.letang@ville-basseterre.fr,,,
Haute-Corse,CORSE,BASTIA CEDEX,2B033,CAISSE DES ECOLES-BASTIA CEDEX,,g.ottavi@ville-bastia.fr,,,
Bouches-du-Rhône,PROVENCE-ALPES-COTE-D'AZUR,VITROLLES,05184,CAISSE DES ECOLES-VITROLLES,,magali.petraud@ville-vitrolles13.fr,,,
Bouches-du-Rhône,PROVENCE-ALPES-COTE-D'AZUR,MARTIGUES,13056,CCAS-MARTIGUES,,aria.kateb@ville-martigues.fr,,,
Bouches-du-Rhône,PROVENCE-ALPES-COTE-D'AZUR,MIRAMAS,13063,CCAS-MIRAMAS,,l.ait-ammar@mairie-miramas.fr,,,
Bouches-du-Rhône,PROVENCE-ALPES-COTE-D'AZUR,ARLES,13004,COMMUNAUTE D'AGGLOMERATION -ARLES,,y.barbeau@agglo-accm.fr,,,
Ardennes,GRAND EST,BOGNY-SUR-MEUSE,08081,CCAS-BOGNY-SUR-MEUSE,,direction@aymonlire.fr,,,
Bouches-du-Rhône,PROVENCE-ALPES-COTE-D'AZUR,MARSEILLE,13055,GIP RE-MARSEILLE,,sophie.deschard@gippre.fr,,,
Calvados,NORMANDIE,LISIEUX,14366,CAISSE DES ECOLES-LISIEUX,,astrauss@ville-lisieux.fr,,,
Calvados,NORMANDIE,CAEN,14118,CCAS-CAEN,,e.beausire@caen.fr,,,
Calvados,NORMANDIE,COLOMBELLES,14167,CCAS-COLOMBELLES,,pre@colombelles.fr,,,
Aisne,HAUTS-DE-FRANCE,BOHAIN-EN-VERMANDOIS,02095,CCAS-BOHAIN-EN-VERMANDOIS,,direction@ccasbohain.fr,,,
Charente,NOUVELLE AQUITAINE,ANGOULEME,16015,CCAS-ANGOULEME,,ccasangouleme@mairie-angouleme.fr,,,
Charente,NOUVELLE AQUITAINE,COGNAC,16102,CCAS-COGNAC,,pre-asv@ville-cognac.fr,,,
Charente,NOUVELLE AQUITAINE,SOYAUX,16374,CCAS-SOYAUX,,ruth-maria.timana@mairie-soyaux.fr,,,
Corrèze,NOUVELLE AQUITAINE,BRIVE LA GAILLARDE CEDEX,19031,COMMUNAUTE D'AGGLOMERATION -BRIVE LA GAILLARDE CEDEX,,pre@agglodebrive.fr,,,
Nord,HAUTS-DE-FRANCE,CAMBRAI CEDEX,59122,CCAS-CAMBRAI CEDEX,,sledoux@mairie-cambrai.fr,,,
Charente-Maritime,NOUVELLE AQUITAINE,SAINTES,17415,COMMUNAUTE D'AGGLOMERATION -SAINTES,,g.demazoin@agglo-saintes.fr,,,
Cher,CENTRE-VAL-DE-LOIRE,BOURGES,18033,CAISSE DES ECOLES-BOURGES,,agnes.cordeau@ville-bourges.fr,,,
Cher,CENTRE-VAL-DE-LOIRE,VIERZON,18279,CAISSE DES ECOLES-VIERZON,,eric.follenfant@ville-vierzon.fr,,,
Aude,OCCITANIE,CARCASSONNE CEDEX 9,11069,COMMUNAUTE AGGLOMERATION-CARCASSONNE CEDEX 9,,alexandra.escourroulucon@carcassonne-agglo.fr,,,
Côte-d'Or,BOURGOGNE-FRANCHE-COMTE,DIJON,21231,CAISSE DES ECOLES-DIJON,,cmelin@ville-dijon.fr,,,
Côte-d'Or,BOURGOGNE-FRANCHE-COMTE,CHENOVE,21166,CCAS-CHENOVE,,guillaume.lagay@ville-chenove.fr,,,
Côte-d'Or,BOURGOGNE-FRANCHE-COMTE,LONGVIC,21355,CCAS-LONGVIC,,berangere.vielix@ville-longvic.fr,,,
Côte-d'Or,BOURGOGNE-FRANCHE-COMTE,TALANT,21617,CCAS-TALANT,,f.burnel@talant.fr,,,
Yvelines,ILE-DE-FRANCE,CARRIERES-SOUS-POISSY,78123,VILLE -CARRIERES-SOUS-POISSY,,g.gbessaya@carrieres-sous-poissy.fr,,,
Côtes-d'Armor,BRETAGNE,DINAN,22050,CCAS-DINAN,,ma.richard@dinan.fr,,,
Côtes-d'Armor,BRETAGNE,GUINGAMP,22070,CCAS-GUINGAMP,,a.queguineur@ville-guingamp.com,,,
Côtes-d'Armor,BRETAGNE,LANNION,22113,CCAS-LANNION,,arnauld.simon@ville-lannion.fr,,,
Côtes-d'Armor,BRETAGNE,PLOUFRAGAN,22215,CCAS-PLOUFRAGAN,,pascale.tanguy@ploufragan.fr,,,
Creuse,NOUVELLE AQUITAINE,GUERET,23096,CCAS-GUERET,,ccas.gueret@wanadoo.fr,,,
Dordogne,NOUVELLE AQUITAINE,PERIGUEUX,24322,CCAS-PERIGUEUX,,yoann.mazaudou@perigueux.fr,,,
Dordogne,NOUVELLE AQUITAINE,BERGERAC,24037,VILLE-BERGERAC,,scoll@bergerac.fr,,,
Dordogne,NOUVELLE AQUITAINE,COULOUNIEIX CHAMIERS,24138,VILLE -COULOUNIEIX CHAMIERS,,a.bonnefond@coulounieix-chamiers.fr,,,
Doubs,BOURGOGNE-FRANCHE-COMTE,AUDINCOURT,25031,CAISSE DES ECOLES-AUDINCOURT,,e.tilly@audincourt.fr,,,
Doubs,BOURGOGNE-FRANCHE-COMTE,BESANCON,25056,CAISSE DES ECOLES-BESANCON,,christine.seys@besancon.fr,,,
Doubs,BOURGOGNE-FRANCHE-COMTE,BETHONCOURT,25057,CCAS-BETHONCOURT,,c.valladont@ccas-bethoncourt.fr,,,
Doubs,BOURGOGNE-FRANCHE-COMTE,GRAND CHARMONT,25284,CCAS-GRAND CHARMONT,,coordinateur.pre@grand-charmont.com,,,
Doubs,BOURGOGNE-FRANCHE-COMTE,MONTBELIARD,25388,CCAS-MONTBELIARD,,dhelleu@montbeliard.com,,,
Doubs,BOURGOGNE-FRANCHE-COMTE,PONTARLIER,25462,CCAS-PONTARLIER,,j.cuynet@ville-pontarlier.com,,,
Doubs,BOURGOGNE-FRANCHE-COMTE,SOCHAUX,25547,CCAS-SOCHAUX,,coordinatrice-pre@sochaux.fr,,,
Doubs,BOURGOGNE-FRANCHE-COMTE,VALENTIGNEY,25580,CCAS-VALENTIGNEY,,jean-luc.dorier@valentigney.fr,,,
Drôme,AUVERGNE-RHONE-ALPES,MONTELIMAR,26198,CAISSE DES ECOLES-MONTELIMAR,,fouzia.benyakoub@montelimar.fr,,,
Drôme,AUVERGNE-RHONE-ALPES,ROMANS SUR ISERE,26281,CAISSE DES ECOLES-ROMANS SUR ISERE,,rarnaud@ville-romans26.fr,,,
Yvelines,ILE-DE-FRANCE,CARRIERES-SUR-SEINE,78124,VILLE -CARRIERES-SUR-SEINE,,r.chacha@carrieres-sur-seine.fr,,,
Drôme,AUVERGNE-RHONE-ALPES,VALENCE,16392,CCAS-VALENCE,,antoine.vinay@mairie-valence.fr,,,
Vaucluse,PROVENCE-ALPES-COTE-D'AZUR,CAVAILLON CEDEX,84035,CCAS-CAVAILLON CEDEX,,hananeelmazouzi@ccas-cavaillon.fr,,,
Eure,NORMANDIE,PONT AUDEMER,27467,CCAS-PONT AUDEMER,,stephanie.laschkar@ville-pont-audemer.fr,,,
Gironde,NOUVELLE AQUITAINE,CENON CEDEX,33119,CCAS-CENON CEDEX,,cecile.rojat@cenon.fr,,,
Eure,NORMANDIE,VERNON,07336,CCAS-VERNON,,agathegautier@hotmail.fr,,,
Eure,NORMANDIE,BERNAY,27056,CIAS-BERNAY,,a.gatineau@bernaynormandie.fr,,,
Eure,NORMANDIE,EVREUX,27229,COMMUNAUTE D'AGGLOMERATION -EVREUX,,crouf@epn-agglo.fr,,,
Eure-et-Loir,CENTRE-VAL-DE-LOIRE,DREUX,28134,CAISSE DES ECOLES-DREUX,,sabrinagaudin@hotmail.fr,,,
Saône-et-Loire,BOURGOGNE-FRANCHE-COMTE,CHALON-SUR-SAONE,71076,CCAS-CHALON-SUR-SAONE,,sophie.dut@chalonsursaone.fr,,,
Eure-et-Loir,CENTRE-VAL-DE-LOIRE,CHARTRES,28085,CCAS-CHARTRES,,jessica.talbot@agglo-ville.chartres.fr,,,
Eure-et-Loir,CENTRE-VAL-DE-LOIRE,MAINVILLIERS,28229,CCAS-MAINVILLIERS,,reussite-educative@ville-mainvilliers.fr,,,
Marne,GRAND EST,CHALONS EN CHAMPAGNE CEDEX,51108,CCAS-CHALONS EN CHAMPAGNE CEDEX,,c.lopes@chalonsenchampagne.fr,,,
Finistère,BRETAGNE,BREST,29019,CAISSE DES ECOLES-BREST,,laure.coat@brest-metropole.fr,,,
Finistère,BRETAGNE,CONCARNEAU,29039,CAISSE DES ECOLES-CONCARNEAU,,marina.lhermitte@concarneau.fr,,,
Finistère,BRETAGNE,QUIMPER,29232,CAISSE DES ECOLES-QUIMPER,,marie.chasserez@quimper.bzh,,,
Finistère,BRETAGNE,MORLAIX,29151,CCAS-MORLAIX,,ccas@villedemorlaix.org,,,
Val-de-Marne,ILE-DE-FRANCE,CHAMPIGNY SUR MARNE CEDEX,94017,CAISSE DES ECOLES-CHAMPIGNY SUR MARNE CEDEX,,n.agodor@mairie-champigny94.fr,,,
Aisne,HAUTS-DE-FRANCE,CHATEAU-THIERRY,02168,CCAS-CHATEAU-THIERRY,,isabelle.puigmal@ville-chateau-thierry.fr,,,
Indre,CENTRE-VAL-DE-LOIRE,CHATEAUROUX CEDEX,36044,CAISSE DES ECOLES-CHATEAUROUX CEDEX,,sebastien.rety@chateauroux-metropole.fr,,,
Val-de-Marne,ILE-DE-FRANCE,CHOISY LE ROI CEDEX,94022,CCAS-CHOISY LE ROI CEDEX,,pre@choisyleroi.fr,,,
Gard,OCCITANIE,ALES,30007,COMMUNAUTE AGGLOMERATION-ALES,,elodie.guin@alesagglo.fr,,,
Maine-et-Loire,PAYS DE LA LOIRE,CHOLET CEDEX,49099,COMMUNAUTE AGGLOMERATION-CHOLET CEDEX,,sreveau@choletagglomeration.fr,,,
Haute-Garonne,OCCITANIE,MURET,31395,CCAS-MURET,,khedidja.naib@mairie-muret.fr,,,
Hauts-de-Seine,ILE-DE-FRANCE,COLOMBES CEDEX,92025,CCAS-COLOMBES CEDEX,,ibrahima.sambou@mairie-colombes.fr,,,
Gers,OCCITANIE,AUCH,32013,COMMUNAUTE D'AGGLOMERATION -AUCH,,patrice.debest@grand-auch.fr,,,
Gironde,NOUVELLE AQUITAINE,LORMONT,33249,CAISSE DES ECOLES-LORMONT,,veronique.gourmanel@lormont.fr,,,
Gironde,NOUVELLE AQUITAINE,BASSENS,33032,CCAS-BASSENS,,julie.verdier@ville-bassens.fr,,,
Gironde,NOUVELLE AQUITAINE,BEGLES,33039,CCAS-BEGLES,,e.proust@mairie-begles.fr,,,
Essonne,ILE-DE-FRANCE,COURCOURONNES,91182,GIP-COURCOURONNES,,caroline.kesseler@evrycourcouronnes.fr,,,
Gironde,NOUVELLE AQUITAINE,FLOIRAC,17160,CCAS-FLOIRAC,,w.elamrani@ville-floirac33.fr,,,
Gironde,NOUVELLE AQUITAINE,MERIGNAC,16216,CCAS-MERIGNAC,,k.legoff@merignac.com,,,
Val-de-Marne,ILE-DE-FRANCE,CRETEIL CEDEX,94028,CCAS-CRETEIL CEDEX,,aude.ledouarin@ville-creteil.fr,,,
Gironde,NOUVELLE AQUITAINE,SAINTE FOY LA GRANDE,33402,CCAS-SAINTE FOY LA GRANDE,,ccas@saintefoylagrande.fr,,,
Gironde,NOUVELLE AQUITAINE,TALENCE,33522,CCAS-TALENCE,,o.mendy@talence.fr,,,
Gironde,NOUVELLE AQUITAINE,BORDEAUX,33063,GIP RE-BORDEAUX,,g.sengenes@gmail.com,,,
Hérault,OCCITANIE,AGDE,34003,CAISSE DES ECOLES-AGDE,,lise.castan@ville-agde.fr,,,
Hérault,OCCITANIE,FRONTIGNAN,34108,CAISSE DES ECOLES-FRONTIGNAN,,c.guesnier@frontignan.fr,,,
Hérault,OCCITANIE,LUNEL,34145,CAISSE DES ECOLES-LUNEL,,catherine.lequenne@ville-lunel.fr,,,
Hérault,OCCITANIE,BEDARIEUX,34028,CCAS-BEDARIEUX,,hvernetmartin@bedarieux.fr,,,
Hérault,OCCITANIE,LODEVE,34142,CCAS-LODEVE,,pre@ccas-lodeve.fr,,,
Hérault,OCCITANIE,MONTPELLIER,34172,CCAS-MONTPELLIER,,lydie.fournier@ccas.montpellier.fr,,,
Hérault,OCCITANIE,SETE,34301,CCAS-SETE,,bonis@ville-sete.fr,,,
Hérault,OCCITANIE,BEZIERS,34032,LYCEE POLYVALENT JEAN MOULIN -BEZIERS,,nadia.boulet.dre@orange.fr,,,
Seine-Maritime,NORMANDIE,DIEPPE CEDEX,76217,CCAS-DIEPPE CEDEX,,martin.triquet@mairie-dieppe.fr,,,
Ille-et-Vilaine,BRETAGNE,REDON,35236,CCAS-REDON,,l.richard@mairie-redon.fr,,,
Ille-et-Vilaine,BRETAGNE,SAINT MALO,35288,CCAS-SAINT MALO,,acoquer@saint-malo.fr,,,
Ille-et-Vilaine,BRETAGNE,DOL DE BRETAGNE,35095,COMMUNAUTE DE COMMUNES-DOL DE BRETAGNE,,aude.bourget@ccdol-baiemsm.bzh,,,
Essonne,ILE-DE-FRANCE,EPINAY-SOUS-SENART,91215,CAISSE DES ECOLES-EPINAY-SOUS-SENART,,c.morin@ville-epinay-senart.fr,,,
Martinique,OUTRE-MER,FORT DE FRANCE CEDEX,97209,CAISSE DES ECOLES-FORT DE FRANCE CEDEX,,agnes.fanchonnette@fortdefrance.fr,,,
Tarn,OCCITANIE,GAILLAC CEDEX,81099,COMMUNAUTE D'AGGLOMERATION -GAILLAC CEDEX,,coralie.gauben@gaillac-graulhet.fr,,,
Val-d'Oise,ILE-DE-FRANCE,GARGES-LES-GONESSE,95268,CCAS-GARGES-LES-GONESSE,,duponchellem@villedegarges.com,,,
Indre-et-Loire,CENTRE-VAL-DE-LOIRE,AMBOISE,37003,CCAS-AMBOISE,,mc.poret-legot@ville-amboise.fr,,,
Nord,HAUTS-DE-FRANCE,GRANDE-SYNTHE,59271,CCAS-GRANDE-SYNTHE,,s.baheux@ville-grande-synthe.fr,,,
Isère,AUVERGNE-RHONE-ALPES,GRENOBLE,38185,GRENOBLE ALPES METROPOLE-,,malik.allam@grenoblealpesmetropole.fr,,,
Isère,AUVERGNE-RHONE-ALPES,PARIS 10E ARRONDISSEMENT,75110,ASSOCIATION AFEV-PARIS 10E ARRONDISSEMENT,,corentin.gautier@afev.org,,,
Isère,AUVERGNE-RHONE-ALPES,GRENOBLE,38185,ASSOCIATION DE GESTION DES CENTRES DE SANTE-GRENOBLE,,pauline.tbeur@agecsa.fr,,,
Isère,AUVERGNE-RHONE-ALPES,GRENOBLE,38185,CODASE PRÉVENTION SPÉCIALISÉE-GRENOBLE,,s.vial@codase.org,,,
Isère,AUVERGNE-RHONE-ALPES,CHAVANOZ,38097,CCAS-CHAVANOZ,,politiquedelaville@gmail.com,,,
Calvados,NORMANDIE,HEROUVILLE ST CLAIR,14327,CCAS-HEROUVILLE ST CLAIR,,eesartial@herouville.net,,,
Moselle,GRAND EST,HOMBOURG-HAUT,57332,CCAS-HOMBOURG-HAUT,,ccas@hombourg-haut.com,,,
Indre-et-Loire,CENTRE-VAL-DE-LOIRE,JOUE LES TOURS CEDEX,37122,CCAS-JOUE LES TOURS CEDEX,,l.fauri@jouelestours.fr,,,
Seine-Saint-Denis,ILE-DE-FRANCE,L ILE ST DENIS,93039,CCAS-L ILE ST DENIS,,victoria.espinel@lile-saint-denis.fr,,,
Isère,AUVERGNE-RHONE-ALPES,VILLEFONTAINE,38553,GIP RE-VILLEFONTAINE,,lcourault.gipdre@capi38.fr,,,
Jura,BOURGOGNE-FRANCHE-COMTE,DOLE,39198,CCAS-DOLE,,nicole.blime@grand-dole.fr,,,
Val-de-Marne,ILE-DE-FRANCE,L'HAY-LES-ROSES,94038,CAISSE DES ECOLES-L'HAY-LES-ROSES,,amandine.le-jeunne-trujillo@ville-lhay94.fr,,,
Seine-Saint-Denis,ILE-DE-FRANCE,LA COURNEUVE,93027,CAISSE DES ECOLES-LA COURNEUVE,,laurence.blin@lacourneuve.fr,,,
Var,PROVENCE-ALPES-COTE-D'AZUR,LA GARDE,83062,CCAS-LA GARDE,,opartarrieu@ville-lagarde.fr,,,
Loir-et-Cher,CENTRE-VAL-DE-LOIRE,BLOIS,41018,CAISSE DES ECOLES-BLOIS,,stephane.gordon@blois.fr,,,
Réunion,OUTRE-MER,LA POSSESSION,97408,CAISSE DES ECOLES-LA POSSESSION,,lrothe@lapossession.re,,,
Loir-et-Cher,CENTRE-VAL-DE-LOIRE,VENDOME,41269,REGIE PRE DES ROTTES-VENDOME,,pre@catv41.fr,,,
Loire,AUVERGNE-RHONE-ALPES,LA RICAMARIE,42183,CCAS-LA RICAMARIE,,virginie.sanchez@ville-la-ricamarie.fr,,,
Indre-et-Loire,CENTRE-VAL-DE-LOIRE,LA RICHE,37195,CCAS-LA RICHE,,guillet_e@ville-lariche.fr,,,
Vendée,PAYS DE LA LOIRE,LA ROCHE-SUR-YON,85191,CCAS-LA ROCHE-SUR-YON,,tony.raimbaud@larochesuryon.fr,,,
Charente-Maritime,NOUVELLE AQUITAINE,LA ROCHELLE CEDEX 1,17300,CCAS-LA ROCHELLE CEDEX 1,,mohamed.azouagh@ccas-larochelle.fr,,,
Loire,AUVERGNE-RHONE-ALPES,SAINT ETIENNE,42218,GIP RE-SAINT ETIENNE,,gregory.croibier@saint-etienne.fr,,,
Loire-Atlantique,PAYS DE LA LOIRE,NANTES,44109,CCAS-NANTES,,emmanuel.rossignol@mairie-nantes.fr,,,
Var,PROVENCE-ALPES-COTE-D'AZUR,LA SEYNE SUR MER,83126,CAISSE DES ECOLES-LA SEYNE SUR MER,,prelaseyne83@gmail.com,,,
Yvelines,ILE-DE-FRANCE,LA VERRIERE,78644,CAISSE DES ECOLES-LA VERRIERE,,n.doe@mairie-laverriere.fr,,,
Nord,HAUTS-DE-FRANCE,LAMBERSART CEDEX,59328,CCAS-LAMBERSART CEDEX,,coseibonsu@ville-lambersart.fr,,,
Loiret,CENTRE-VAL-DE-LOIRE,ORLEANS,45234,CCAS-ORLEANS,,florence.billiot@orleans-metropole.fr,,,
Loiret,CENTRE-VAL-DE-LOIRE,PITHIVIERS,45252,CCAS-PITHIVIERS,,gregoire.dorigny@pithiviers.fr,,,
Morbihan,BRETAGNE,LANESTER CEDEX,56098,CCAS-LANESTER CEDEX,,nathalie-damato@ville-lanester.fr,,,
Lot,OCCITANIE,CAHORS,46042,COMMUNAUTE D'AGGLOMERATION -CAHORS,,sdelong@grandcahors.fr,,,
Lot-et-Garonne,NOUVELLE AQUITAINE,AGEN,47001,CCAS-AGEN,,sandrine.pequignot@agglo-agen.fr,,,
Lot-et-Garonne,NOUVELLE AQUITAINE,MARMANDE,47157,CCAS-MARMANDE,,llaporte@mairie-marmande.fr,,,
Lot-et-Garonne,NOUVELLE AQUITAINE,TONNEINS,47310,CCAS-TONNEINS,,nthibault@mairie-tonneins.fr,,,
Seine-Saint-Denis,ILE-DE-FRANCE,LE BLANC-MESNIL,93007,CCAS-LE BLANC-MESNIL,,d.sarr@blancmesnil.fr,,,
Loire,AUVERGNE-RHONE-ALPES,LE CHAMBON FEUGEROLLES,42044,CCAS-LE CHAMBON FEUGEROLLES,,aidjedd@lechambon.fr,,,
Maine-et-Loire,PAYS DE LA LOIRE,SAUMUR,49328,CCAS-SAUMUR,,m.blanchard@ville-saumur.fr,,,
Maine-et-Loire,PAYS DE LA LOIRE,TRELAZE,49353,CCAS-TRELAZE,,elsa.garmis@mairie-trelaze.fr,,,
Saône-et-Loire,BOURGOGNE-FRANCHE-COMTE,LE CREUSOT,71153,CCAS-LE CREUSOT,,pascale.bahmane@ville-lecreusot.fr,,,
Manche,NORMANDIE,CHERBOURG EN COTENTIN,50129,CAISSE DES ECOLES-CHERBOURG EN COTENTIN,,nathalie.menard@cherbourg.fr,,,
Seine-Maritime,NORMANDIE,LE HAVRE METROPOLE,76351,GIP CONTRAT DE VILLE-LE HAVRE METROPOLE,,jean-yves.briand@lehavremetro.fr,,,
Martinique,OUTRE-MER,LE LAMENTIN,97213,GIP DSU-LE LAMENTIN,,miphaine@mairie-lelamentin.fr,,,
Marne,GRAND EST,EPERNAY,51230,CCAS-EPERNAY,,nathalie.chapuzet@ville-epernay.fr,,,
Marne,GRAND EST,REIMS,51454,CCAS-REIMS,,mohammed.essaidi@reims.fr,,,
Var,PROVENCE-ALPES-COTE-D'AZUR,LE LUC,83073,CCAS-LE LUC,,e.disantantonio@mairie-leluc.fr,,,
Haute-Marne,GRAND EST,CHAUMONT,18060,CAISSE DES ECOLES-CHAUMONT,,alexis.renauld@orange.fr,,,
Haute-Marne,GRAND EST,JOINVILLE,52250,CAISSE DES ECOLES-JOINVILLE,,dgs.joinville@orange.fr,,,
Sarthe,PAYS DE LA LOIRE,LE MANS CEDEX 9,72181,COMMUNAUTE URBAINE-LE MANS CEDEX 9,,julie.hammache-toutain@lemans.fr,,,
Haute-Marne,GRAND EST,LANGRES,52269,VILLE -LANGRES,,benoit.vilasuarez@langres.fr,,,
Mayenne,PAYS DE LA LOIRE,LAVAL,53130,CCAS-LAVAL,,sandrine.fourreau@laval.fr,,,
Meurthe-et-Moselle,GRAND EST,MAXEVILLE,54357,CAISSE DES ECOLES-MAXEVILLE,,drichard@mairie-maxeville.fr,,,
Guadeloupe,OUTRE-MER,LE MOULE,97117,CCAS-LE MOULE,,nadia.shitalou@mairie-lemoule.fr,,,
Meurthe-et-Moselle,GRAND EST,VANDOEUVRE LES NANCY,54547,CAISSE DES ECOLES-VANDOEUVRE LES NANCY,,shaas@vandoeuvre.fr,,,
Meurthe-et-Moselle,GRAND EST,HERSERANGE,54261,CCAS-HERSERANGE,,g.didelot@mairie-herserange.fr,,,
Meurthe-et-Moselle,GRAND EST,JARVILLE LA MALGRANGE,54274,CCAS-JARVILLE LA MALGRANGE,,josiane.jourdain@jarville-la-malgrange.fr,,,
Meurthe-et-Moselle,GRAND EST,LAXOU,54304,CCAS-LAXOU,,contact@laxou.fr,,,
Meurthe-et-Moselle,GRAND EST,LUNEVILLE,54329,CCAS-LUNEVILLE,,fblaison@mairie-luneville.fr,,,
Isère,AUVERGNE-RHONE-ALPES,LE PEAGE DE ROUSSILLON,38298,CCAS-LE PEAGE DE ROUSSILLON,,smael.direction@le-peage-de-roussillon.fr,,,
Meurthe-et-Moselle,GRAND EST,TOUL,54528,CCAS-TOUL,,rachel.debert@mairie-toul.fr,,,
Meuse,GRAND EST,BAR LE DUC,55029,CIAS-BAR LE DUC,,politiquedelaville@meusegrandsud.fr,,,
Meuse,GRAND EST,VERDUN,09328,COMMUNAUTE D'AGGLOMERATION -VERDUN,,abeerten@grandverdun.fr,,,
Seine-Maritime,NORMANDIE,LE PETIT-QUEVILLY,76498,CAISSE DES ECOLES-LE PETIT-QUEVILLY,,goutier.poupon@petit-quevilly.fr,,,
Morbihan,BRETAGNE,HENNEBONT,56083,CCAS-HENNEBONT,,abenabes@mairie-hennebont.fr,,,
Vaucluse,PROVENCE-ALPES-COTE-D'AZUR,LE PONTET,84092,CCAS-LE PONTET,,a.dicristofano@mairie-lepontet.fr,,,
Morbihan,BRETAGNE,VANNES,56260,CCAS-VANNES,,gildas.nicolas@mairie-vannes.fr,,,
Réunion,OUTRE-MER,LE PORT,97407,CCAS-LE PORT,,christelle.parvedy@ville-port.re,,,
Moselle,GRAND EST,BEHREN LES FORBACH,57058,CCAS-BEHREN LES FORBACH,,grigeois.c@ville-behren.fr,,,
Moselle,GRAND EST,FAMECK,57206,CCAS-FAMECK,,smelis@ville-fameck.fr,,,
Moselle,GRAND EST,FAREBERSVILLER,57207,CCAS-FAREBERSVILLER,,k.burtaire@farebersviller.com,,,
Moselle,GRAND EST,FOLSCHVILLER,57224,CCAS-FOLSCHVILLER,,ouissenfarous.dre@gmail.com,,,
Moselle,GRAND EST,FORBACH,57227,CCAS-FORBACH,,a.demuro@ccas-forbach.fr,,,
Pas-de-Calais,HAUTS-DE-FRANCE,LE PORTEL,62667,CCAS-LE PORTEL,,p.becard@ville-leportel.fr,,,
Moselle,GRAND EST,METZ,57463,CCAS-METZ,,ppiroth@mairie-metz.fr,,,
Moselle,GRAND EST,SARREGUEMINES,57631,CCAS-SARREGUEMINES,,bentouta.ahmed@mairie-sarreguemines.fr,,,
Moselle,GRAND EST,UCKANGE,57683,CCAS-UCKANGE,,uckange.ccas@wanadoo.fr,,,
Seine-Saint-Denis,ILE-DE-FRANCE,LE PRE ST GERVAIS,93061,CCAS-LE PRE ST GERVAIS,,alexandra.berniere@villedupre.fr,,,
Moselle,GRAND EST,YUTZ,57757,VILLE-YUTZ,,ccas@mairie-yutz.fr,,,
Nièvre,BOURGOGNE-FRANCHE-COMTE,NEVERS,58194,CCAS-NEVERS,,martine.pornet@ville-nevers.fr,,,
Nièvre,BOURGOGNE-FRANCHE-COMTE,NEVERS,58194,MUTUALITÉ FRANÇAISE BOURGUIGNONNE CENTRE DE SANTÉ POLYVALENT -NEVERS,,brigitte.burdiat@mfbssam.fr,,,
Nord,HAUTS-DE-FRANCE,ARMENTIERES,59017,CAISSE DES ECOLES-ARMENTIERES,,mlemang@ville-armentieres.fr,,,
Nord,HAUTS-DE-FRANCE,CAUDRY,59139,CAISSE DES ECOLES-CAUDRY,,sdron@cohesionsociale.caudry.fr,,,
Nord,HAUTS-DE-FRANCE,FOURMIES,59249,CAISSE DES ECOLES-FOURMIES,,psinet@mairie-fourmies.fr,,,
Nord,HAUTS-DE-FRANCE,LILLE,59350,CAISSE DES ECOLES-LILLE,,ctodoskoff@mairie-lille.fr,,,
Nord,HAUTS-DE-FRANCE,LOOS,59360,CAISSE DES ECOLES-LOOS,,caro_487@msn.com,,,
Martinique,OUTRE-MER,LE ROBERT,97222,CAISSE DES ECOLES-LE ROBERT,,c.barclais@ville-robert.fr,,,
Nord,HAUTS-DE-FRANCE,ROUBAIX,59512,CAISSE DES ECOLES-ROUBAIX,,cgouders@ville-roubaix.fr,,,
Nord,HAUTS-DE-FRANCE,WATTRELOS,59650,CAISSE DES ECOLES-WATTRELOS,,ferat.rekibi@ville-wattrelos.fr,,,
Nord,HAUTS-DE-FRANCE,WAZIERS,59654,CAISSE DES ECOLES-WAZIERS,,severine.leduc@mairie-waziers.fr,,,
Nord,HAUTS-DE-FRANCE,AUBY,59028,CCAS-AUBY,,f.hue@auby.fr,,,
Réunion,OUTRE-MER,LE TAMPON,97422,CAISSE DES ECOLES-LE TAMPON,,delphine.duplessis@mairie-tampon.fr,,,
Nord,HAUTS-DE-FRANCE,DENAIN,59172,CCAS-DENAIN,,h.megueddem@ccasdenain.fr,,,
Nord,HAUTS-DE-FRANCE,DOUAI,59178,CCAS-DOUAI,,ajacquens@ville-douai.fr,,,
Nord,HAUTS-DE-FRANCE,DOUCHY LES MINES,59179,CCAS-DOUCHY LES MINES,,coordination.pre@douchy-les-mines.fr,,,
Nord,HAUTS-DE-FRANCE,DUNKERQUE,59183,CCAS-DUNKERQUE,,angelina.lamie@ville-saintpolsurmer.fr,,,
Nord,HAUTS-DE-FRANCE,ESCAUDAIN,59205,CCAS-ESCAUDAIN,,cavallaro.o@ville-escaudain.fr,,,
Nord,HAUTS-DE-FRANCE,FACHES THUMESNIL,59220,CCAS-FACHES THUMESNIL,,hdenisot@ville-fachesthumesnil.fr,,,
Nord,HAUTS-DE-FRANCE,FEIGNIES,59225,CCAS-FEIGNIES,,g.paree@ville-feignies.fr,,,
Ardèche,AUVERGNE-RHONE-ALPES,LE TEIL,07319,VILLE-LE TEIL,,valerie.gervais@mairie-le-teil.fr,,,
Nord,HAUTS-DE-FRANCE,HAZEBROUCK,59295,CCAS-HAZEBROUCK,,vdelansay@ville-hazebrouck.fr,,,
Nord,HAUTS-DE-FRANCE,HEM,59299,CCAS-HEM,,sandrine.vallet@ville-hem.fr,,,
Nord,HAUTS-DE-FRANCE,JEUMONT,59324,CCAS-JEUMONT,,veronique.renaud@mairie-jeumont.fr,,,
Guadeloupe,OUTRE-MER,LES ABYMES,97101,CAISSE DES ECOLES-LES ABYMES,,previlledesabymes@gmail.com,,,
Nord,HAUTS-DE-FRANCE,LOURCHES,59361,CCAS-LOURCHES,,mairie@lourches.fr,,,
Nord,HAUTS-DE-FRANCE,MONS EN BAROEUL,59410,CCAS-MONS EN BAROEUL,,jtreu@ville-mons-en-baroeul.fr,,,
Nord,HAUTS-DE-FRANCE,RAISMES,59491,CCAS-RAISMES,,amalaboeuf@ville-raismes.fr,,,
Nord,HAUTS-DE-FRANCE,RONCHIN,59507,CCAS-RONCHIN,,swiart@ville-ronchin.fr,,,
Nord,HAUTS-DE-FRANCE,SIN LE NOBLE,59569,CCAS-SIN LE NOBLE,,zineb.bourouba@mairie-sinlenoble.fr,,,
Nord,HAUTS-DE-FRANCE,VILLENEUVE D ASCQ,59009,CCAS-VILLENEUVE D ASCQ,,bjoliet@villeneuvedascq.fr,,,
Nord,HAUTS-DE-FRANCE,WALLERS,59632,CCAS-WALLERS,,ccas@wallers-arenberg.fr,,,
Nord,HAUTS-DE-FRANCE,WATTIGNIES,59648,CCAS-WATTIGNIES,,jmontois@mairie-wattignies.com,,,
Yvelines,ILE-DE-FRANCE,LES MUREAUX,78440,CCAS-LES MUREAUX,,jmaillot@mairie-lesmureaux.fr,,,
Nord,HAUTS-DE-FRANCE,OSTRICOURT,59452,VILLE-OSTRICOURT,,s.gloria@ostricourt.fr,,,
Nord,HAUTS-DE-FRANCE,TOURCOING,59599,VILLE -TOURCOING,,nblanchard@ville-tourcoing.fr,,,
Oise,HAUTS-DE-FRANCE,BEAUVAIS,60057,CCAS-BEAUVAIS,,dboy-lahaye@beauvais.fr,,,
Oise,HAUTS-DE-FRANCE,CLERMONT,09097,CCAS-CLERMONT,,laurent.batteux@mairie-clermont.fr,,,
Oise,HAUTS-DE-FRANCE,COMPIEGNE,60159,CCAS-COMPIEGNE,,jedjiga.zerourou@mairie-compiegne.fr,,,
Oise,HAUTS-DE-FRANCE,CREIL,60175,CCAS-CREIL,,muriel.thierry@mairie-creil.fr,,,
Oise,HAUTS-DE-FRANCE,MERU,60395,CCAS-MERU,,cguyomar@ville-meru.fr,,,
Oise,HAUTS-DE-FRANCE,MONTATAIRE,60414,CCAS-MONTATAIRE,,mgueye@mairie-montataire.fr,,,
Oise,HAUTS-DE-FRANCE,NOGENT SUR OISE,60463,CCAS-NOGENT SUR OISE,,h.hassnaoui@nogentsuroise.fr,,,
Oise,HAUTS-DE-FRANCE,NOYON,60471,CCAS-NOYON,,reussite.educative@noyon.fr,,,
Essonne,ILE-DE-FRANCE,LES ULIS,91692,VILLE -LES ULIS,,cdaumain@lesulis.fr,,,
Oise,HAUTS-DE-FRANCE,VILLERS SAINT PAUL,60684,CCAS-VILLERS SAINT PAUL,,s.formiga@villers-saint-paul.fr,,,
Orne,NORMANDIE,ARGENTAN,61006,CCAS-ARGENTAN,,celian.chorin@argentan.fr,,,
Pas-de-Calais,HAUTS-DE-FRANCE,LONGUENESSE CEDEX,62525,COMMUNAUTE D'AGGLOMERATION -LONGUENESSE CEDEX,,e.canu@ca-pso.fr,,,
Orne,NORMANDIE,FLERS,61169,COMMUNAUTE D'AGGLOMERATION -FLERS,,dvictor@flers-agglo.fr,,,
Jura,BOURGOGNE-FRANCHE-COMTE,LONS-LE-SAUNIER,39300,CCAS-LONS-LE-SAUNIER,,pbezire@lonslesaunier.fr,,,
Pas-de-Calais,HAUTS-DE-FRANCE,BOULOGNE SUR MER,62160,CAISSE DES ECOLES-BOULOGNE SUR MER,,coordinationpre@ville-boulogne-sur-mer.fr,,,
Pas-de-Calais,HAUTS-DE-FRANCE,CALAIS,62193,CAISSE DES ECOLES-CALAIS,,laura.suin@mairie-calais.fr,,,
Pas-de-Calais,HAUTS-DE-FRANCE,WINGLES,62895,CAISSE DES ECOLES-WINGLES,,sandrine.richot@wingles.fr,,,
Pas-de-Calais,HAUTS-DE-FRANCE,ACHICOURT,62004,CCAS-ACHICOURT,,n.hochedez@mairie-achicourt.fr,,,
Pas-de-Calais,HAUTS-DE-FRANCE,AUCHEL,62048,CCAS-AUCHEL,,g.monchaux.cs@auchel.fr,,,
Pas-de-Calais,HAUTS-DE-FRANCE,AVION,62065,CCAS-AVION,,pauline.gralak@ccas-ville-avion.fr,,,
Pas-de-Calais,HAUTS-DE-FRANCE,BARLIN,62083,CCAS-BARLIN,,sberrahou.mairiebarlin@orange.fr,,,
Pas-de-Calais,HAUTS-DE-FRANCE,BETHUNE,62119,CCAS-BETHUNE,,h.piwek@ville-bethune.fr,,,
Pas-de-Calais,HAUTS-DE-FRANCE,BEUVRY,62126,CCAS-BEUVRY,,annecharlotte.blas@villedebeuvry.fr,,,
Pas-de-Calais,HAUTS-DE-FRANCE,BRUAY LA BUISSIERE,62178,CCAS-BRUAY LA BUISSIERE,,l.penning@bruaylabuissiere.fr,,,
Pas-de-Calais,HAUTS-DE-FRANCE,CALONNE RICOUART,62194,CCAS-CALONNE RICOUART,,c.vanderschooten@calonne-ricouart.fr,,,
Pas-de-Calais,HAUTS-DE-FRANCE,CARVIN,62215,CCAS-CARVIN,,valentine.desmons@carvin.fr,,,
Pas-de-Calais,HAUTS-DE-FRANCE,COURCELLES LES LENS,62249,CCAS-COURCELLES LES LENS,,c.luszczyk@courcelles-les-lens.fr,,,
Pas-de-Calais,HAUTS-DE-FRANCE,COURRIERES,62250,CCAS-COURRIERES,,dandrea@courrieres.fr,,,
Pas-de-Calais,HAUTS-DE-FRANCE,DIVION,62270,CCAS-DIVION,,jlemoine@ville-divion.fr,,,
Pas-de-Calais,HAUTS-DE-FRANCE,ETAPLES,62318,CCAS-ETAPLES,,ccas.pre@etaples-sur-mer.net,,,
Pas-de-Calais,HAUTS-DE-FRANCE,EVIN MALMAISON,62321,CCAS-EVIN MALMAISON,,dgs.evinmalmaison@gmail.com,,,
Pas-de-Calais,HAUTS-DE-FRANCE,GRENAY,38184,CCAS-GRENAY,,reussite-educative@grenay.fr,,,
Pas-de-Calais,HAUTS-DE-FRANCE,HENIN BEAUMONT,62427,CCAS-HENIN BEAUMONT,,orlane.duquenoy@mairie-heninbeaumont.fr,,,
Morbihan,BRETAGNE,LORIENT ,56121,CAISSE DES ECOLES-LORIENT ,,mdore@mairie-lorient.fr,,,
Pas-de-Calais,HAUTS-DE-FRANCE,LENS,62498,CCAS-LENS,,dbeaussart@mairie-lens.fr,,,
Pas-de-Calais,HAUTS-DE-FRANCE,LIBERCOURT,62907,CCAS-LIBERCOURT,,directionccas@libercourt.fr,,,
Pas-de-Calais,HAUTS-DE-FRANCE,LIEVIN,62510,CCAS-LIEVIN,,pole.cohesion@lievin.fr,,,
Pas-de-Calais,HAUTS-DE-FRANCE,LILLERS,62516,CCAS-LILLERS,,j.lecat@mairielillers.com,,,
Pas-de-Calais,HAUTS-DE-FRANCE,MARLES LES MINES,62555,CCAS-MARLES LES MINES,,florence.guy@ville-marleslesmines.fr,,,
Pas-de-Calais,HAUTS-DE-FRANCE,MAZINGARBE,62563,CCAS-MAZINGARBE,,fabien.george@ville-mazingarbe.fr,,,
Pas-de-Calais,HAUTS-DE-FRANCE,MONTIGNY EN GOHELLE,62587,CCAS-MONTIGNY EN GOHELLE,,anais.morvillez@mairie-montigny.fr,,,
Pas-de-Calais,HAUTS-DE-FRANCE,ROUVROY,02659,CCAS-ROUVROY,,mmillecamps@ville-rouvroy62.fr,,,
Pas-de-Calais,HAUTS-DE-FRANCE,SAINS EN GOHELLE,62737,CCAS-SAINS EN GOHELLE,,denischarline2013@gmail.com,,,
Eure,NORMANDIE,LOUVIERS CEDEX,27375,CAISSE DES ECOLES-LOUVIERS CEDEX,,sophie.thomas@ville-louviers.fr,,,
Eure-et-Loir,CENTRE-VAL-DE-LOIRE,LUCE CEDEX,28218,GIP CONTRAT VIL PROGRAMME REUSSITE...-LUCE CEDEX,,mc.vorimore@ville-luce.fr,,,
Puy-de-Dôme,AUVERGNE-RHONE-ALPES,CLERMONT FERRAND,63113,CAISSE DES ECOLES-CLERMONT FERRAND,,rboumallassa@ville-clermont-ferrand.fr,,,
Puy-de-Dôme,AUVERGNE-RHONE-ALPES,THIERS,63430,COMMUNAUTE D'AGGLOMERATION -THIERS,,shosmalin@cctdm.fr,,,
Pyrénées-Atlantiques,NOUVELLE AQUITAINE,BAYONNE,64102,GIP DSU AGGLOMERATION-BAYONNE,,contact@gipdsu-bayonnepaysbasque.fr,,,
Rhône,AUVERGNE-RHONE-ALPES,LYON CEDEX 01,69381,CAISSE DES ECOLES-LYON CEDEX 01,,aude.robin@mairie-lyon.fr,,,
Hautes-Pyrénées,OCCITANIE,TARBES,65440,CAISSE DES ECOLES-TARBES,,coord.pre@mairie-tarbes.fr,,,
Pyrénées-Orientales,OCCITANIE,PERPIGNAN,66136,CAISSE DES ECOLES-PERPIGNAN,,baklouch.nadia@mairie-perpignan.com,,,
Bas-Rhin,GRAND EST,SCHILTIGHEIM,67447,CAISSE DES ECOLES-SCHILTIGHEIM,,isabelle.dinca@ville-schiltigheim.fr,,,
Bas-Rhin,GRAND EST,STRASBOURG,67482,CAISSE DES ECOLES-STRASBOURG,,amelie.reiminger@strasbourg.eu,,,
Guyane,OUTRE-MER,MACOURIA TONATE,97305,CCAS-MACOURIA TONATE,,alsainteluce@villedemacouria.fr,,,
Bas-Rhin,GRAND EST,HAGUENAU,67180,COMMUNAUTE AGGLOMERATION-HAGUENAU,,olga.wisniewska@agglo-haguenau.fr,,,
Haut-Rhin,GRAND EST,COLMAR,68066,CCAS-COLMAR,,veronique.broggi@colmar.fr,,,
Haut-Rhin,GRAND EST,MULHOUSE,68224,REGIE PRE-MULHOUSE,,samira.elyadari@mulhouse.fr,,,
Yvelines,ILE-DE-FRANCE,MANTES-LA-JOLIE,78361,CCAS-MANTES-LA-JOLIE,,clehoux@manteslajolie.fr,,,
Rhône,AUVERGNE-RHONE-ALPES,VENISSIEUX,69259,CAISSE DES ECOLES-VENISSIEUX,,syilma@ville-venissieux.fr,,,
Rhône,AUVERGNE-RHONE-ALPES,VILLEURBANNE,69266,CAISSE DES ECOLES-VILLEURBANNE,,mathilde.guerin9@mairie-villeurbanne.fr,,,
Rhône,AUVERGNE-RHONE-ALPES,BELLEVILLE,54060,CCAS-BELLEVILLE,,s.lanfranchi@belleville-en-beaujolais.fr,,,
Rhône,AUVERGNE-RHONE-ALPES,BRON,69029,CCAS-BRON,,elisabeth.miro@ville-bron.fr,,,
Rhône,AUVERGNE-RHONE-ALPES,DECINES CHARPIEU,69275,CCAS-DECINES CHARPIEU,,m.grieb@mairie-decines.fr,,,
Rhône,AUVERGNE-RHONE-ALPES,GIVORS,69091,CCAS-GIVORS,,charlene.foujols@ville-givors.fr,,,
Bouches-du-Rhône,PROVENCE-ALPES-COTE-D'AZUR,MARSEILLE ,13055,METROPOLE D'AIX-MARSEILLE-PROVENCE-MARSEILLE ,,lisa.scagnolari@ampmetropole.fr,,,
Rhône,AUVERGNE-RHONE-ALPES,NEUVILLE SUR SAONE,69143,CCAS-NEUVILLE SUR SAONE,,a.lebaron@mairie-neuvillesursaone.fr,,,
Rhône,AUVERGNE-RHONE-ALPES,PIERRE BENITE,69152,CCAS-PIERRE BENITE,,fpont@pierrebenite.fr,,,
Rhône,AUVERGNE-RHONE-ALPES,RILLIEUX LA PAPE,69286,CCAS-RILLIEUX LA PAPE,,marieline.rivera@rillieuxlapape.fr,,,
Rhône,AUVERGNE-RHONE-ALPES,SAINT GENIS LAVAL,69204,CCAS-SAINT GENIS LAVAL,,fsahli@saintgenislaval.fr,,,
Nord,HAUTS-DE-FRANCE,MAUBEUGE CEDEX,59392,CAISSE DES ECOLES-MAUBEUGE CEDEX,,narimene.azzoug@ville-maubeuge.fr,,,
Seine-et-Marne,ILE-DE-FRANCE,MEAUX CEDEX,77284,CCAS-MEAUX CEDEX,,jerome.surville@meaux.fr,,,
Rhône,AUVERGNE-RHONE-ALPES,TARARE,69243,CCAS-TARARE,,mlhansen@ville-tarare.fr,,,
Rhône,AUVERGNE-RHONE-ALPES,MEYZIEU CEDEX,69282,CCAS-MEYZIEU CEDEX,,aurelie.chastang@meyzieu.fr,,,
Rhône,AUVERGNE-RHONE-ALPES,VILLEFRANCHE SUR SAONE,69264,CIAS-VILLEFRANCHE SUR SAONE,,p.spee.cias@orange.fr,,,
Saône-et-Loire,BOURGOGNE-FRANCHE-COMTE,MONTCEAU LES MINES,71306,ASSOCIATION HUMANITY-MONTCEAU LES MINES,,coordorepmonceau@ac-dijon.fr,,,
Seine-et-Marne,ILE-DE-FRANCE,MOISSY CRAMAYEL CEDEX,77296,CCAS-MOISSY CRAMAYEL CEDEX,,a.gallien@ville-moissycramayel.fr,,,
Meurthe-et-Moselle,GRAND EST,MONT ST MARTIN,54382,CCAS-MONT ST MARTIN,,nkerrou@mairie-montsaintmartin.fr,,,
Saône-et-Loire,BOURGOGNE-FRANCHE-COMTE,MACON,71270,CCAS-MACON,,ccas@ville-macon.fr,,,
Landes,NOUVELLE AQUITAINE,MONT-DE-MARSAN,40192,CIAS-MONT-DE-MARSAN,,beatrice.alaux@montdemasan-agglo.fr,,,
Saône-et-Loire,BOURGOGNE-FRANCHE-COMTE,TORCY,62823,CCAS-TORCY,,politique.ville@torcy71.fr,,,
Saône-et-Loire,BOURGOGNE-FRANCHE-COMTE,AUTUN,71014,CIAS-AUTUN,,annette.perrault@autun.com,,,
Saône-et-Loire,BOURGOGNE-FRANCHE-COMTE,MONTCEAU-LES-MINES,71306,CCAS-MONTCEAU-LES-MINES,,ccolas@montceaulesmines.fr,,,
Savoie,AUVERGNE-RHONE-ALPES,AIX LES BAINS,73008,CCAS-AIX LES BAINS,,lbesson.pre@orange.fr,,,
Savoie,AUVERGNE-RHONE-ALPES,CHAMBERY,73065,COLLEGE COTE ROUSSE-CHAMBERY,,coordination@dired-chambery.info,,,
Haute-Savoie,AUVERGNE-RHONE-ALPES,ANNEMASSE,74012,CCAS-ANNEMASSE,,marie.jermann@annemasse.fr,,,
Haute-Savoie,AUVERGNE-RHONE-ALPES,CLUSES,66063,CCAS-CLUSES,,mbouillin@cluses.fr,,,
Haute-Savoie,AUVERGNE-RHONE-ALPES,GAILLARD,74133,CCAS-GAILLARD,,pre@gaillard.fr,,,
Seine-Saint-Denis,ILE-DE-FRANCE,MONTREUIL CEDEX,93048,CAISSE DES ECOLES-MONTREUIL CEDEX,,marion.witz@montreuil.fr,,,
Haute-Savoie,AUVERGNE-RHONE-ALPES,THONON LES BAINS,74281,CCAS-THONON LES BAINS,,v-debacker@ville-thonon.fr,,,
Haute-Savoie,AUVERGNE-RHONE-ALPES,SAINT JULIEN EN GENEVOIS,74243,VILLE-SAINT JULIEN EN GENEVOIS,,amaryllis.besnard@st-julien-en-genevois.fr,,,
Paris,ILE-DE-FRANCE,PARIS,75056,GIP RE-PARIS,,claire.houpline@paris.fr,,,
Meurthe-et-Moselle,GRAND EST,NANCY CEDEX,54395,CAISSE DES ECOLES-NANCY CEDEX,,gulmay.atasoy@mairie-nancy.fr,,,
Seine-Maritime,NORMANDIE,SOTTEVILLE LES ROUEN,76681,CAISSE DES ECOLES-SOTTEVILLE LES ROUEN,,a.montier.education@mairie-sotteville-les-rouen.fr,,,
Seine-Maritime,NORMANDIE,CANTELEU,76157,CCAS-CANTELEU,,cgetdc@ville-canteleu.fr,,,
Seine-Maritime,NORMANDIE,DARNETAL,76212,CCAS-DARNETAL,,presante@mairie-darnetal.fr,,,
Alpes-Maritimes,PROVENCE-ALPES-COTE-D'AZUR,NICE ,06088,CAISSE DES ECOLES-NICE ,,tania.somaini@nicecotedazur.org,,,
Seine-Maritime,NORMANDIE,ELBEUF,76231,CCAS-ELBEUF,,aurelie.carcaly@mairie-elbeuf.fr,,,
Seine-Maritime,NORMANDIE,FECAMP,76259,CCAS-FECAMP,,damien.crochemore@ville-fecamp.fr,,,
Seine-Maritime,NORMANDIE,MAROMME,76410,CCAS-MAROMME,,corinne.mignot@ville-maromme.fr,,,
Gard,OCCITANIE,NIMES ,30189,CAISSE DES ECOLES-NIMES ,,frederic.pallesi@ville-nimes.fr,,,
Eure-et-Loir,CENTRE-VAL-DE-LOIRE,NOGENT-LE-ROTROU,28278,CAISSE DES ECOLES-NOGENT-LE-ROTROU,,reussiteeducative@ville-nogent-le-rotrou.fr,,,
Seine-Maritime,NORMANDIE,NOTRE-DAME-DE-BONDEVILLE,76474,CCAS-NOTRE-DAME-DE-BONDEVILLE,,graziello.bilongo@ville-nd-bondeville.fr,,,
Seine-Saint-Denis,ILE-DE-FRANCE,PANTIN CEDEX,93055,CAISSE DES ECOLES-PANTIN CEDEX,,j.paulicape@ville-pantin.fr,,,
Pyrénées-Atlantiques,NOUVELLE AQUITAINE,PAU AGGLOMERATION,64445,GIP DSU -PAU AGGLOMERATION,,l.fauthoux@agglo-pau.fr,,,
Gironde,NOUVELLE AQUITAINE,PESSAC CEDEX,33318,CCAS-PESSAC CEDEX,,n.ouba@mairie-pessac.fr,,,
Seine-et-Marne,ILE-DE-FRANCE,MONTEREAU FAULT YONNE,77305,CCAS-MONTEREAU FAULT YONNE,,i.pestoury@ville-montereau77.fr,,,
Seine-et-Marne,ILE-DE-FRANCE,NEMOURS,77333,CCAS-NEMOURS,,carole.escartin@ville-nemours.fr,,,
Seine-et-Marne,ILE-DE-FRANCE,DAMMARIE LES LYS,77152,COMMUNAUTE D'AGGLOMERATION -DAMMARIE LES LYS,,marc.imbert@camvs.com,,,
Drôme,AUVERGNE-RHONE-ALPES,PIERRELATTE CEDEX,26235,CCAS-PIERRELATTE CEDEX,,l.martin@ville-pierrelatte.fr,,,
Yvelines,ILE-DE-FRANCE,CHANTELOUP LES VIGNES,78138,CCAS-CHANTELOUP LES VIGNES,,ccas@chanteloup-les-vignes.fr,,,
Yvelines,ILE-DE-FRANCE,ELANCOURT,78208,CCAS-ELANCOURT,,stephanie.berranger@ville-elancourt.fr,,,
Yvelines,ILE-DE-FRANCE,GUYANCOURT,78297,CCAS-GUYANCOURT,,estelle.lory@ville-guyancourt.fr,,,
Yvelines,ILE-DE-FRANCE,POISSY CEDEX,78498,CCAS-POISSY CEDEX,,aotavalo@ville-poissy.fr,,,
Yvelines,ILE-DE-FRANCE,LIMAY,78335,CCAS-LIMAY,,s.hicette@ville-limay.fr,,,
Vienne,NOUVELLE AQUITAINE,POITIERS CEDEX,86194,CAISSE DES ECOLES-POITIERS CEDEX,,nicole.joiny@poitiers.fr,,,
Yvelines,ILE-DE-FRANCE,MAUREPAS,78383,CCAS-MAUREPAS,,mission.politiqueville@maurepas.fr,,,
Yvelines,ILE-DE-FRANCE,PLAISIR,78490,CCAS-PLAISIR,,montet-an@ville-plaisir.fr,,,
Gard,OCCITANIE,PONT ST ESPRIT,30202,CCAS-PONT ST ESPRIT,,c.vidal@pontsaintesprit.fr,,,
Yvelines,ILE-DE-FRANCE,SARTROUVILLE,78586,CCAS-SARTROUVILLE,,ccas@ville-sartrouville.fr,,,
Yvelines,ILE-DE-FRANCE,TRAPPES,78621,CCAS-TRAPPES,,Samy.Mamlouk@mairie-trappes.fr,,,
Yvelines,ILE-DE-FRANCE,VERNOUILLET,28404,CCAS-VERNOUILLET,,referent.famille@mairie-vernouillet.fr,,,
Yvelines,ILE-DE-FRANCE,MANTES LA VILLE,78362,VILLE-MANTES LA VILLE,,ltahar@manteslaville.fr,,,
Oise,HAUTS-DE-FRANCE,PONT STE MAXENCE,60509,CCAS-PONT STE MAXENCE,,marjorie.lebas@pontsaintemaxence.fr,,,
Bouches-du-Rhône,PROVENCE-ALPES-COTE-D'AZUR,PORT DE BOUC CEDEX,13077,CAISSE DES ECOLES-PORT DE BOUC CEDEX,,farid.roguiai@portdebouc.fr,,,
Deux-Sèvres,NOUVELLE AQUITAINE,NIORT,79191,CCAS-NIORT,,celine.masmontet@mairie-niort.fr,,,
Somme,HAUTS-DE-FRANCE,AMIENS,80021,CAISSE DES ECOLES-AMIENS,,c.goudeau@amiens-metropole.com,,,
Somme,HAUTS-DE-FRANCE,ABBEVILLE,80001,COMMUNAUTE D'AGGLOMERATION -ABBEVILLE,,elodie.colasse@ca-baiedesomme.fr,,,
Tarn,OCCITANIE,CASTRES,02142,CAISSE DES ECOLES-CASTRES,,f.carayol@ville-castres.fr,,,
Tarn,OCCITANIE,ALBI,81004,CCAS-ALBI,,philippe.abelard@mairie-albi.fr,,,
Tarn,OCCITANIE,AUSSILLON,81021,CCAS-AUSSILLON,,coordinationpre@ville-aussillon.fr,,,
Tarn,OCCITANIE,GAILLAC,81099,CCAS-GAILLAC,,estelle.garcia@gaillac-graulhet.fr,,,
Tarn,OCCITANIE,CARMAUX,81060,CIAS-CARMAUX,,b.chauzy-cias@3c-s.fr,,,
Ille-et-Vilaine,BRETAGNE,RENNES CEDEX,35238,CAISSE DES ECOLES-RENNES CEDEX,,d.commelin@ville-rennes.fr,,,
Tarn-et-Garonne,OCCITANIE,MONTAUBAN,82121,COMMUNAUTE D'AGGLOMERATION -MONTAUBAN,,mdeshaies@ville-montauban.fr,,,
Tarn-et-Garonne,OCCITANIE,MOISSAC,82112,VILLE-MOISSAC,,pre@moissac.fr,,,
Var,PROVENCE-ALPES-COTE-D'AZUR,HYERES,83069,CAISSE DES ECOLES-HYERES,,schaves@mairie-hyeres.com,,,
Loire-Atlantique,PAYS DE LA LOIRE,REZE CEDEX,44143,CCAS-REZE CEDEX,,actionsociale@mairie-reze.fr,,,
Var,PROVENCE-ALPES-COTE-D'AZUR,TOULON,83137,CAISSE DES ECOLES-TOULON,,ssolivellas@mairie-toulon.fr,,,
Var,PROVENCE-ALPES-COTE-D'AZUR,BRIGNOLES,83023,CCAS-BRIGNOLES,,zoubiric@brignoles.fr,,,
Var,PROVENCE-ALPES-COTE-D'AZUR,DRAGUIGNAN,83050,CCAS-DRAGUIGNAN,,ccas.nathalie.nicolas@ville-draguignan.fr,,,
Var,PROVENCE-ALPES-COTE-D'AZUR,FREJUS,83061,CCAS-FREJUS,,jp.pangole@ville-frejus.fr,,,
Essonne,ILE-DE-FRANCE,RIS-ORANGIS,91521,CCAS-RIS-ORANGIS,,c.rot-germond@ville-ris-orangis.fr,,,
Loire,AUVERGNE-RHONE-ALPES,ROANNE CEDEX,42187,CCAS-ROANNE CEDEX,,ctroncy@ville-roanne.fr,,,
Vaucluse,PROVENCE-ALPES-COTE-D'AZUR,APT,84003,CCAS-APT,,laurine.armingeat@apt.fr,,,
Vaucluse,PROVENCE-ALPES-COTE-D'AZUR,AVIGNON,84007,CCAS-AVIGNON,,jeanlouis_milazzo@ccasavignon.org,,,
Charente-Maritime,NOUVELLE AQUITAINE,ROCHEFORT CEDEX,17299,CCAS-ROCHEFORT CEDEX,,regine.delalande@ville-rochefort.fr,,,
Loir-et-Cher,CENTRE-VAL-DE-LOIRE,ROMORANTIN-LANTHENAY,41194,CCAS-ROMORANTIN-LANTHENAY,,sabrina.meunier@omorantin.fr,,,
Vaucluse,PROVENCE-ALPES-COTE-D'AZUR,CARPENTRAS,84031,COMMUNAUTE D'AGGLOMERATION -CARPENTRAS,,agnes.andrivon@lacove.fr,,,
Vaucluse,PROVENCE-ALPES-COTE-D'AZUR,MONTEUX,84080,COMMUNAUTE DE COMMUNES-MONTEUX,,fares.orcet@sorgues-du-comtat.com,,,
Vendée,PAYS DE LA LOIRE,FONTENAY LE COMTE,85092,CCAS-FONTENAY LE COMTE,,d.tiberghien@ville-fontenaylecomte.fr,,,
Seine-Maritime,NORMANDIE,ROUEN CEDEX,76540,CCAS-ROUEN CEDEX,,christophe.carpentier@rouen.fr,,,
Réunion,OUTRE-MER,SAINT-BENOIT,97410,CAISSE DES ECOLES-SAINT-BENOIT,,elsa.barret@ville-saintbenoit.re,,,
Vienne,NOUVELLE AQUITAINE,CHATELLERAULT,86066,VILLE -CHATELLERAULT,,abdelaziz.abdelsadok@ville-chatellerault.fr,,,
Haute-Vienne,NOUVELLE AQUITAINE,LIMOGES,87085,CCAS-LIMOGES,,sylvie.mounier@limoges.fr,,,
Côtes-d'Armor,BRETAGNE,SAINT-BRIEUC,22278,CAISSE DES ECOLES-SAINT-BRIEUC,,mathieu.lebail@saint-brieuc.fr,,,
Vosges,GRAND EST,EPINAL,88160,CCAS-EPINAL,,philippe.guibert@epinal.fr,,,
Vosges,GRAND EST,REMIREMONT,88383,CCAS-REMIREMONT,,amani.elmazioua@remiremont.fr,,,
Yonne,BOURGOGNE-FRANCHE-COMTE,AUXERRE,89024,CAISSE DES ECOLES-AUXERRE,,melanie.andre-theodore@auxerre.com,,,
Yonne,BOURGOGNE-FRANCHE-COMTE,JOIGNY,89206,CCAS-JOIGNY,,emmanuelle.mayda-leger@ville-joigny.fr,,,
Yonne,BOURGOGNE-FRANCHE-COMTE,MIGENNES,89257,CCAS-MIGENNES,,pre@ville-migennes.fr,,,
Yonne,BOURGOGNE-FRANCHE-COMTE,SENS,89387,CCAS-SENS,,l.robillard@mairie-sens.fr,,,
Territoire de Belfort,BOURGOGNE-FRANCHE-COMTE,OFFEMONT,90075,CCAS-OFFEMONT,,jgrentzinger@mairie-offemont.fr,,,
Essonne,ILE-DE-FRANCE,ATHIS MONS,91027,CAISSE DES ECOLES-ATHIS MONS,,smine@mairie-athis-mons.fr,,,
Essonne,ILE-DE-FRANCE,BRUNOY,91114,CAISSE DES ECOLES-BRUNOY,,ngoutier@mairie-brunoy.fr,,,
Essonne,ILE-DE-FRANCE,CORBEIL ESSONNES,91174,CAISSE DES ECOLES-CORBEIL ESSONNES,,zinsou.m@mairie-corbeil-essonnes.fr,,,
Haute-Marne,GRAND EST,SAINT-DIZIER,52448,CCAS-SAINT-DIZIER,,anoel@mairie-saintdizier.fr,,,
Essonne,ILE-DE-FRANCE,ETAMPES,91223,CAISSE DES ECOLES-ETAMPES,,olivia.caudron@mairie-etampes.fr,,,
Essonne,ILE-DE-FRANCE,EVRY,89162,CAISSE DES ECOLES-EVRY,,caroline.kesseler@evrycourcouronnes.fr,,,
Essonne,ILE-DE-FRANCE,SAINT MICHEL SUR ORGE,91570,CAISSE DES ECOLES-SAINT MICHEL SUR ORGE,,sara.dali@saintmichel91.fr,,,
Loire-Atlantique,PAYS DE LA LOIRE,SAINT-HERBLAIN,44162,CCAS-SAINT-HERBLAIN,,education@saint-herblain.fr,,,
Essonne,ILE-DE-FRANCE,VIRY CHATILLON,91687,CAISSE DES ECOLES-VIRY CHATILLON,,n.bernard@viry-chatillon.fr,,,
Essonne,ILE-DE-FRANCE,DRAVEIL,91201,CCAS-DRAVEIL,,fsari@gmail.com,,,
Essonne,ILE-DE-FRANCE,FLEURY MEROGIS,91235,CCAS-FLEURY MEROGIS,,isikli@mairie-fleury-merogis.fr,,,
Essonne,ILE-DE-FRANCE,GRIGNY,62388,CCAS-GRIGNY,,vbeal@mairie-grigny69.fr,,,
Essonne,ILE-DE-FRANCE,LONGJUMEAU,91345,CCAS-LONGJUMEAU,,lroyer@longjumeau.fr,,,
Essonne,ILE-DE-FRANCE,MASSY,71288,CCAS-MASSY,,s.gourvennec@mairie-massy.fr,,,
Essonne,ILE-DE-FRANCE,MONTGERON,91421,CCAS-MONTGERON,,severine.bordrie@montgeron.fr,,,
Manche,NORMANDIE,SAINT-LO,50502,CCAS-SAINT-LO,,clement.nignol@saint-lo.fr,,,
Essonne,ILE-DE-FRANCE,SAVIGNY SUR ORGE,91589,CCAS-SAVIGNY SUR ORGE,,c-faure@savigny.org,,,
Essonne,ILE-DE-FRANCE,VIGNEUX SUR SEINE,91657,CCAS-VIGNEUX SUR SEINE,,c.bouacid@vigneux91.fr,,,
Guadeloupe,OUTRE-MER,SAINT-MARTIN,97801,COLLEGE MONT DES ACCORDS-SAINT-MARTIN,,davis.desiage@ac-guadeloupe.fr,,,
Val-d'Oise,ILE-DE-FRANCE,SAINT-OUEN-L'AUMONE,95572,CAISSE DES ECOLES-SAINT-OUEN-L'AUMONE,,sebastien.boyaux@ville-soa.fr,,,
Hauts-de-Seine,ILE-DE-FRANCE,ANTONY,92002,CAISSE DES ECOLES-ANTONY,,laurence.bourgeois@ville-antony.fr,,,
Hauts-de-Seine,ILE-DE-FRANCE,GENNEVILLIERS,92036,CAISSE DES ECOLES-GENNEVILLIERS,,mourad.hakmi@ville-gennevilliers.fr,,,
Hauts-de-Seine,ILE-DE-FRANCE,VILLENEUVE LA GARENNE,92078,CAISSE DES ECOLES-VILLENEUVE LA GARENNE,,csalot@villeneuve92.com,,,
Aisne,HAUTS-DE-FRANCE,SAINT-QUENTIN,02691,CCAS-SAINT-QUENTIN,,nadine.perrier@saint-quentin.fr,,,
Hauts-de-Seine,ILE-DE-FRANCE,BAGNEUX,02043,CCAS-BAGNEUX,,isabelle.oberhauser@mairie-bagneux.fr,,,
Hauts-de-Seine,ILE-DE-FRANCE,CHATENAY MALABRY,92019,CCAS-CHATENAY MALABRY,,idsu-reve@orange.fr,,,
Hauts-de-Seine,ILE-DE-FRANCE,CLICHY,92024,CCAS-CLICHY,,carole.chaufton@ville-clichy.fr,,,
Bas-Rhin,GRAND EST,SAVERNE CEDEX,67437,CCAS-SAVERNE CEDEX,,sj.ghabi@mairie-saverne.fr,,,
Hauts-de-Seine,ILE-DE-FRANCE,NANTERRE,92050,CCAS-NANTERRE,,anais.dewinter@mairie-nanterre.fr,,,
Seine-Saint-Denis,ILE-DE-FRANCE,SAINT DENIS,11339,ASSOCIATION SPORTIVE DE FLOREAL-SAINT DENIS,,mhammache@wanadoo.fr,,,
Seine-Saint-Denis,ILE-DE-FRANCE,EPINAY SUR SEINE,93031,CAISSE DES ECOLES-EPINAY SUR SEINE,,marilyn.eloto@epinay-sur-seine.fr,,,
Seine-Saint-Denis,ILE-DE-FRANCE,GAGNY,93032,CAISSE DES ECOLES-GAGNY,,a.silvestri@mairie-gagny.fr,,,
Haute-Savoie,AUVERGNE-RHONE-ALPES,SCIONZIER ,74264,CCAS-SCIONZIER ,,pascal.many@scionzier.fr,,,
Réunion,OUTRE-MER,ST ANDRE,97409,CAISSE DES ECOLES-ST ANDRE,,maillot.emilie@saint-andre.re,,,
Alpes-Maritimes,PROVENCE-ALPES-COTE-D'AZUR,ST ANDRE DE LA ROCHE,06114,CAISSE DES ECOLES-ST ANDRE DE LA ROCHE,,reussite-eductaive@sadlr.fr,,,
Seine-Saint-Denis,ILE-DE-FRANCE,ROMAINVILLE,93063,CAISSE DES ECOLES-ROMAINVILLE,,reussite-educative@ville-romainville.fr,,,
Loire,AUVERGNE-RHONE-ALPES,ST CHAMOND,42207,CCAS-ST CHAMOND,,meynand.fabienne@saint-chamond.fr,,,
Seine-Saint-Denis,ILE-DE-FRANCE,AULNAY SOUS BOIS,93005,CCAS-AULNAY SOUS BOIS,,zatia@aulnay-sous-bois.com,,,
Seine-Saint-Denis,ILE-DE-FRANCE,BAGNOLET,93006,CCAS-BAGNOLET,,julie.hanquet@ville-bagnolet.fr,,,
Seine-Saint-Denis,ILE-DE-FRANCE,BOBIGNY,93008,CCAS-BOBIGNY,,sandra.deschamps@ville-bobigny.fr,,,
Seine-Saint-Denis,ILE-DE-FRANCE,BONDY,93010,CCAS-BONDY,,c.gilberton@ville-bondy.fr,,,
Seine-Saint-Denis,ILE-DE-FRANCE,CLICHY SOUS BOIS,93014,CCAS-CLICHY SOUS BOIS,,jessika.laurent@clichysousbois.fr,,,
Seine-Saint-Denis,ILE-DE-FRANCE,DRANCY,93029,CCAS-DRANCY,,khadija-david@drancy.fr,,,
Jura,BOURGOGNE-FRANCHE-COMTE,ST CLAUDE,39478,CCAS-ST CLAUDE,,sylvie.durand@mairie-saint-claude.fr,,,
Seine-Saint-Denis,ILE-DE-FRANCE,ST DENIS,93066,CAISSE DES ECOLES-ST DENIS,,lynda.ihaddaden@ville-saint-denis.fr,,,
Vosges,GRAND EST,ST DIE DES VOSGES,88413,CAISSE DES ECOLES-ST DIE DES VOSGES,,lsimon@ville-saintdie.fr,,,
Seine-Saint-Denis,ILE-DE-FRANCE,MONTFERMEIL,93047,CCAS-MONTFERMEIL,,melanie.panicali@ville-montfermeil.fr,,,
Seine-Saint-Denis,ILE-DE-FRANCE,NEUILLY SUR MARNE,93050,CCAS-NEUILLY SUR MARNE,,celine.lelouet@neuillysurmarne.fr,,,
Seine-Saint-Denis,ILE-DE-FRANCE,NOISY LE SEC,93053,CCAS-NOISY LE SEC,,charlotte.cazes@noisylesec.fr,,,
Seine-Saint-Denis,ILE-DE-FRANCE,PIERREFITTE SUR SEINE,93059,CCAS-PIERREFITTE SUR SEINE,,chrystele.dupot@pierrefitte93.fr,,,
Seine-Saint-Denis,ILE-DE-FRANCE,ROSNY SOUS BOIS,93064,CCAS-ROSNY SOUS BOIS,,pre-fs@rosnysousbois.fr,,,
Seine-Saint-Denis,ILE-DE-FRANCE,SEVRAN,93071,CCAS-SEVRAN,,zicheboudene@sevran.fr,,,
Seine-Maritime,NORMANDIE,ST ETIENNE DU ROUVRAY,76575,CCAS-ST ETIENNE DU ROUVRAY,,jbmorel@ser76.com,,,
Seine-Saint-Denis,ILE-DE-FRANCE,STAINS,93072,CCAS-STAINS,,nariman.tiaiba@stains.fr,,,
Seine-Saint-Denis,ILE-DE-FRANCE,TREMBLAY EN FRANCE,93073,CCAS-TREMBLAY EN FRANCE,,e.crevel@tremblayenfrance.fr,,,
Seine-Saint-Denis,ILE-DE-FRANCE,VILLEPINTE,11434,CCAS-VILLEPINTE,,sdubois@ville-villepinte.fr,,,
Seine-Saint-Denis,ILE-DE-FRANCE,VILLETANEUSE,93079,CCAS-VILLETANEUSE,,elodie.marlier@mairie-villetaneuse.fr,,,
Seine-Saint-Denis,ILE-DE-FRANCE,AUBERVILLIERS,93001,REGIE PRE-AUBERVILLIERS,,oumou.camara@mairie-aubervilliers.fr,,,
Rhône,AUVERGNE-RHONE-ALPES,ST FONS,69199,CCAS-ST FONS,,gmusy@saint-fons.fr,,,
Val-de-Marne,ILE-DE-FRANCE,FONTENAY SOUS BOIS,94033,CAISSE DES ECOLES-FONTENAY SOUS BOIS,,said.omouri@fontenay-sous-bois.fr,,,
Gard,OCCITANIE,ST GILLES,30258,CCAS-ST GILLES,,christine.mazurier@saint-gilles.fr,,,
Val-de-Marne,ILE-DE-FRANCE,ORLY,94054,CAISSE DES ECOLES-ORLY,,salima.rahmani@mairie-orly.fr,,,
Val-de-Marne,ILE-DE-FRANCE,ARCUEIL,94003,CCAS-ARCUEIL,,carole.turmeau@mairie-arcueil.fr,,,
Val-de-Marne,ILE-DE-FRANCE,BONNEUIL SUR MARNE,94011,CCAS-BONNEUIL SUR MARNE,,delphine.joubert@bonneuil94.fr,,,
Val-de-Marne,ILE-DE-FRANCE,CACHAN,94016,CCAS-CACHAN,,audrey.de-larauze@ville-cachan.fr,,,
Ille-et-Vilaine,BRETAGNE,ST JACQUES DE LA LANDE,35281,VILLE-ST JACQUES DE LA LANDE,,mathilde.hary@st-jacques.fr,,,
Loiret,CENTRE-VAL-DE-LOIRE,ST JEAN DE LA RUELLE CEDEX,45285,VILLE-ST JEAN DE LA RUELLE CEDEX,,priffet@ville-saintjeandelaruelle.fr,,,
Val-de-Marne,ILE-DE-FRANCE,LIMEIL BREVANNES,94044,CCAS-LIMEIL BREVANNES,,driss.benamari@limeil.fr,,,
Val-de-Marne,ILE-DE-FRANCE,VILLEJUIF,94076,CCAS-VILLEJUIF,,t-durand@villejuif.fr,,,
Val-de-Marne,ILE-DE-FRANCE,VILLENEUVE SAINT GEORGES,94078,CCAS-VILLENEUVE SAINT GEORGES,,cmeunier@villeneuve-saint-georges.fr,,,
Val-de-Marne,ILE-DE-FRANCE,VILLIERS SUR MARNE,52537,REUSSIR A-VILLIERS SUR MARNE,,aboubacar.ismael@mairie-villiers94.com,,,
Val-d'Oise,ILE-DE-FRANCE,ARGENTEUIL,95018,CAISSE DES ECOLES-ARGENTEUIL,,isabelle.armand@ville-argenteuil.fr,,,
Val-d'Oise,ILE-DE-FRANCE,GONESSE,95277,CAISSE DES ECOLES-GONESSE,,gchambertin@mairie-gonesse.fr,,,
Réunion,OUTRE-MER,ST LEU,97413,CAISSE DES ECOLES-ST LEU,,christian.carriere@mairie-saintleu.fr,,,
Val-d'Oise,ILE-DE-FRANCE,SARCELLES,95585,CAISSE DES ECOLES-SARCELLES,,f.bleuse@sarcelles.fr,,,
Val-d'Oise,ILE-DE-FRANCE,BEZONS,95063,CCAS-BEZONS,,k.jasmin@mairie-bezons.fr,,,
Val-d'Oise,ILE-DE-FRANCE,CERGY,95127,CCAS-CERGY,,celia.lacombe@cergy.fr,,,
Val-d'Oise,ILE-DE-FRANCE,ERAGNY,95218,CCAS-ERAGNY,,flaporte-hiegel@cacp.fr,,,
Loire-Atlantique,PAYS DE LA LOIRE,ST NAZAIRE,44184,CCAS-ST NAZAIRE,,lesauxa@mairie-saintnazaire.fr,,,
Val-d'Oise,ILE-DE-FRANCE,GOUSSAINVILLE,28185,CCAS-GOUSSAINVILLE,,hakim.ammari@ville-goussainville.fr,,,
Val-d'Oise,ILE-DE-FRANCE,MONTIGNY LES CORMEILLES,95424,CCAS-MONTIGNY LES CORMEILLES,,flore.pucheu@ville-montigny95.fr,,,
Val-d'Oise,ILE-DE-FRANCE,PERSAN,95487,CCAS-PERSAN,,pre@ville-persan.fr,,,
Val-d'Oise,ILE-DE-FRANCE,PONTOISE,95500,CCAS-PONTOISE,,mmonge@ville-pontoise.fr,,,
Val-d'Oise,ILE-DE-FRANCE,VILLIERS LE BEL,95680,CCAS-VILLIERS LE BEL,,mmouhous@ville-villiers-le-bel.fr,,,
Val-d'Oise,ILE-DE-FRANCE,MONTMORENCY,95428,COMMUNAUTE D'AGGLOMERATION -MONTMORENCY,,fouzia.redjeb@soisy-sous-montmorency.fr,,,
Pas-de-Calais,HAUTS-DE-FRANCE,ST NICOLAS,62764,CCAS-ST NICOLAS,,pre@ville-saintnicolas.fr,,,
Seine-Saint-Denis,ILE-DE-FRANCE,ST OUEN CEDEX,93070,CCAS-ST OUEN CEDEX,,spicot@mairie-saint-ouen.fr,,,
Réunion,OUTRE-MER,ST PAUL CEDEX,97415,CAISSE DES ECOLES-ST PAUL CEDEX,,roan.aubin@mairie-saintpaul.fr,,,
Guadeloupe,OUTRE-MER,BAILLIF,97104,CCAS-BAILLIF,,c.goignan@ville-baillif.fr,,,
Réunion,OUTRE-MER,ST PIERRE,97416,CAISSE DES ECOLES-ST PIERRE,,Nelly.delaplaine@saintpierre.re,,,
Indre-et-Loire,CENTRE-VAL-DE-LOIRE,ST PIERRE DES CORPS CEDEX,37233,CAISSE DES ECOLES-ST PIERRE DES CORPS CEDEX,,reussiteeducative@mairiespdc.fr,,,
Rhône,AUVERGNE-RHONE-ALPES,ST PRIEST CEDEX,69290,CCAS-ST PRIEST CEDEX,,coordinateur.pre@ccas-saint-priest.org,,,
Guadeloupe,OUTRE-MER,SAINTE ROSE,97129,VILLE-SAINTE ROSE,,londo@villesainterose.fr,,,
Guadeloupe,OUTRE-MER,CAPESTERRE BELLE EAU,97107,VILLE -CAPESTERRE BELLE EAU,,sidgy.ramassamy@capesterrebelleeau.fr,,,
Essonne,ILE-DE-FRANCE,STE GENEVIEVE DES BOIS,91549,CAISSE DES ECOLES-STE GENEVIEVE DES BOIS,,sophie-sicard@sgdb91.com,,,
Martinique,OUTRE-MER,STE MARIE,97418,CAISSE DES ECOLES-STE MARIE,,violette.mehal@mairiedesaintemarie.fr,,,
Haute-Garonne,OCCITANIE,TOULOUSE METROPOLE,31555,GIP RE-TOULOUSE METROPOLE,,Joelle.PONS@toulouse-metropole.fr,,,
Indre-et-Loire,CENTRE-VAL-DE-LOIRE,TOURS CEDEX 9,37261,CAISSE DES ECOLES-TOURS CEDEX 9,,ml.aubry@ville-tours.fr,,,
Guyane,OUTRE-MER,CAYENNE,97302,CAISSE DES ECOLES-CAYENNE,,coordinateur@pre-cayenne.fr,,,
Guyane,OUTRE-MER,KOUROU,97304,CAISSE DES ECOLES-KOUROU,,jean-claude.alhy@ville-kourou.fr,,,
Guyane,OUTRE-MER,MATOURY,97307,CAISSE DES ECOLES-MATOURY,,nicaise.mathias@mairie-matoury.fr,,,
Aube,GRAND EST,TROYES CHAMPAGNE METROPOLE,10387,COMMUNAUTE D'AGGLOMERATION -TROYES CHAMPAGNE METROPOLE,,isabelle.chatre@troyes-cm.fr,,,
Guyane,OUTRE-MER,SAINT LAURENT DU MARONI,97311,CCAS-SAINT LAURENT DU MARONI,,ccas97320ere@orange.fr,,,
Eure,NORMANDIE,VAL-DE-REUIL,27701,CCAS-VAL-DE-REUIL,,iavenel@valdereuil.fr,,,
Nord,HAUTS-DE-FRANCE,VALENCIENNES ,59606,COMMUNAUTE D'AGGLOMERATION -VALENCIENNES ,,cgildas@valenciennes-metropole.fr,,,
Réunion,OUTRE-MER,SAINT LOUIS,57618,CAISSE DES ECOLES-SAINT LOUIS,,jpaus@mairie-saint-louis.re,,,
Rhône,AUVERGNE-RHONE-ALPES,VAULX EN VELIN CEDEX,69256,CCAS-VAULX EN VELIN CEDEX,,egatuing@mairie-vaulxenvelin.fr,,,
Réunion,OUTRE-MER,SAINTE SUZANNE,09342,CAISSE DES ECOLES-SAINTE SUZANNE,,coordonnateur.pre@ville-saintesuzanne.re,,,
Isère,AUVERGNE-RHONE-ALPES,VIENNE CONDRIEU,69064,COMMUNAUTE D'AGGLOMERATION -VIENNE CONDRIEU,,edescombes@vienne-condrieu-agglomeration.fr,,,
Lot-et-Garonne,NOUVELLE AQUITAINE,VILLENEUVE-SUR-LOT,47323,COLLÈGE ANATOLE FRANCE-VILLENEUVE-SUR-LOT,,lauraruchcoordoprevsl@gmail.com,,,
Marne,GRAND EST,VITRY-LE-FRANCOIS,51649,COMMUNAUTE D'AGGLOMERATION -VITRY-LE-FRANCOIS,,ljolly@vitry-le-francois.net,,,
Isère,AUVERGNE-RHONE-ALPES,VOIRON CEDEX,38563,CIAS-VOIRON CEDEX,,veronique.courbon@paysvoironnais.com,,,
Moselle,GRAND EST,WOIPPY CEDEX,57751,CCAS-WOIPPY CEDEX,,c.vinot@mairie-woippy.fr,,,
Mayotte,OUTRE-MER,KOUNGOU,97610,CAISSE DES ECOLES-KOUNGOU,,b.assani.saindou@koungou.fr,,,
Mayotte,OUTRE-MER,MAMOUDZOU,97611,CAISSE DES ECOLES-MAMOUDZOU,,am.aminati-bint@mamoudzou.yt,,,
Mayotte,OUTRE-MER,SADA,97616,CAISSE DES ECOLES-SADA,,echati.allaoui@mairiedesada.fr,,,
Mayotte,OUTRE-MER,BANDRELE,97603,CCAS-BANDRELE,,yassine.boinali@bandrele.yt,,,
Mayotte,OUTRE-MER,CHIRONGUI,97606,CCAS-CHIRONGUI,,ambouharia.abdou@chirongui.yt,,,
Mayotte,OUTRE-MER,PAMANDZI,97615,COMMUNAUTE D'AGGLOMERATION -PAMANDZI,,marta.wamytan@cc-petiteterre.fr,,,